[
  {
    "name": "空房間",
    "tag": "",
    "brief": "一片很久沒整理，散發著霉味的荒廢空間。",
    "desc": [
      "剛走進這片空間，一股霉味就撲鼻而來。呼吸一窒，你忍住",
      "了掉頭而走的衝動。眨眨眼，習慣了這裡的照明，你慢慢可",
      "以看清這裡的環境。一如預期，這裡不知道有多久沒有生物",
      "活動過了，什麼東西都沒有。",
      "也許，整理整理，可以好好利用一下這片空間，你自言自語",
      "的想。"
    ],
    "entity": "0e409d2fe1cc4f12bd3b698db507df63"
  },
  {
    "name": "官道",
    "tag": "road",
    "brief": "你走在官道上，思考著下一個目的地。",
    "desc": [
      "你走在官道上，思考著下一個目的地。",
      "路上的人並不多，有些人行色匆匆像是要趕赴什麼約會，有",
      "些人安適閒步，好像這條路上就沒有什麼值得他在意的事，",
      "偶而還會看到幾個人在路旁爭執著些什麼。"
    ],
    "entity": "a9be95771b3e43adbc82870150d66d26"
  },
  {
    "name": "茶鋪",
    "tag": "tea_stall",
    "brief": "貼著棵雙人合抱的大樹，這裡是給過往行旅歇腳的茶鋪。",
    "desc": [
      "貼著棵雙人合抱的大樹，兩根粗毛竹斜斜的向外撐起了一面",
      "棚子，這是一個給過往行旅歇腳的茶鋪。棚後不遠，有個磚",
      "砌的雙口灶台；棚下隨意的擺設著幾套桌椅，一些行旅打扮",
      "的人正散坐著，吃著小菜，喝著茶，談著見聞。"
    ],
    "entity": "3b4cabe199134090a5bb0ac82e19859a"
  },
  {
    "name": "鐵匠鋪",
    "tag": "blacksmith",
    "brief": "爐火熾艷艶的燃著，鐵匠正專心地打著什麼東西。",
    "desc": [
      "一爐火熾艷艶的燃著，一位赤著上身的漢子站在爐旁檯前，",
      "一手持鐵鉗夾著根燒的遍體通紅的鐵條，另一手拎著個大錘",
      "一下一下地在鐵條上反覆鎚打著。檯旁是焠火用的水槽，槽",
      "內還插著些等待鍛打的鐵條。"
    ],
    "entity": "218433087143448f9f59d23728480712"
  },
  {
    "name": "藥鋪",
    "tag": "herbal_store",
    "brief": "充滿了了藥味的鋪子。",
    "desc": [
      "一走進鋪子，一股熟悉的藥味就撲鼻而來。櫃台後的牆面是",
      "一整片的屉櫃。每個抽屉上掛著個小小的木牌，許是標示著",
      "抽屉裡的藥材。"
    ],
    "entity": "2f1b9ea404964b74a72fed3036927c71"
  },
  {
    "name": "雜貨鋪",
    "tag": "grocery_store",
    "brief": "買賣南北雜貨的鋪子。",
    "desc": [
      "你小心翼翼的走進鋪子，生怕撞倒了什麼東西。這鋪子裡掛",
      "著，吊著，放著，擺著，攤著，堆著到處都是東西。東西多",
      "到連找個落腳處都有些困難。"
    ],
    "entity": "9cc0605c41ef4bddacf2313287374eb8"
  },
  {
    "name": "曠野",
    "tag": "wild",
    "brief": "這是一片曠野。",
    "desc": [
      "你走在一片曠野上，偶而會驚起一些飛鳥，野兔什麼的，弄",
      "的周遭草木嘩嘩作響。"
    ],
    "entity": "f4bca037107947e28afe2c116d7a0344"
  },
  {
    "name": "街道",
    "tag": "street",
    "brief": "你走在城內的街道上，兩旁都是商鋪。",
    "desc": [
      "你走在街道上，身旁的人來來往往，為著生活奔忙。偶而也",
      "會遇見幾位佩刀跨劍的人走過。"
    ],
    "entity": "2504524eef174ea89234bac5bbd0cd0c"
  },
  {
    "name": "十字路口",
    "tag": "cross",
    "brief": "你站在城內一個繁忙的十字路口。街道上，兩旁都是商鋪。",
    "desc": [
      "你走進了一個十字路口，四周都是來來往往的人潮。往哪方",
      "向走好呢？你想著要不要丟個銅錢來占一下方位吉凶。"
    ]
  },
  {
    "name": "丁字路口",
    "tag": "t_shape",
    "brief": "這裡是個丁字路口。",
    "desc": [
      "你被面牆擋住了去向，這是個丁字路口。向左走，還是向右走？這",
      "個簡單的問題，困擾著生生世世的有情人。如同你身旁地那些青年",
      "男女。"
    ]
  },
  {
    "name": "錢莊",
    "tag": "bank",
    "brief": "這裡是錢莊，雖然東西放裡面沒利錢，但它也不收利錢。",
    "desc": [
      "進門就看到一副對聯：「聚若東海納百川；散如流雲歸四鄉」頭上",
      "的橫批是：「天命有時」。錢莊掛這個合適嗎？你想著。"
    ]
  },
  {
    "name": "客棧",
    "tag": "inn",
    "brief": "這裡是一間可以休息住店的客棧。",
    "desc": [
      "這裡是客棧的大廳。一些落店的散客在廳裡低聲談說著。店裡的伙",
      "計忙進忙出的張羅著客人的吩咐。也許在這兒落店休息也不錯？你",
      "想著。"
    ]
  },
  {
    "name": "當鋪",
    "tag": "pawn_shop",
    "brief": "這裡是當鋪。沒錢時，也許可以來這兒換個幾文。",
    "desc": [
      "厚厚的門簾在你身後將大街的熙攘和陽光隔絕在外，室內僅仰賴著",
      "角落裡的油灯提供點基本的照明。一個比人還高的櫃台擋在你的面",
      "前，你仰起頭，當鋪的朝奉正安靜的看著你。"
    ]
  },
  {
    "name": "酒樓",
    "tag": "tavern",
    "brief": "你進入了一間酒樓。",
    "desc": [
      "這是一間酒樓，人聲鼎沸。生意很是暢旺。跑堂的搭著汗巾在桌椅",
      "間穿梭，吆喝著點菜，換酒，結帳，好不熱鬧。"
    ]
  }
]
