{
  "name": {
    "entity": "e746dfe24d9e45a198c624a5e2dc4127",
    "text": "客棧"
  },
  "brief": {
    "entity": "3ff29d0bb3594622abddb00f33a67bc4",
    "text": "這裡是一間可以休息住店的客棧。"
  },
  "desc": {
    "entity": "bcfd263e72d945c8afd9cfcad59237ba",
    "text": [
      "這裡是客棧的大廳。一些落店的散客在廳裡低聲談說著。店裡的伙",
      "計忙進忙出的張羅著客人的吩咐。也許在這兒落店休息也不錯？你",
      "想著。"
    ]
  }
}