{
  "4b26dca766414f1cb769e4298960760f": "狼",
  "1a51f0d622c24a888d3cda2a8c13e822": "wolf",
  "898174e89914497f885d47b2dbce789e": [
    "一匹飢腸轆轆的狼。"
  ],
  "5ab247f392fd49e8ae9a2a47fd22a8ae": "一匹狼",
  "cd17bec429254fdcb8bac8b0300153ce": "鹿",
  "f7fe48c97c4b426888123ddc766a1be9": [
    "一頭鹿站在那兒，正警戒著看著你。"
  ],
  "dd2eeb378e7249da8f4f5bc02c0e4202": "一頭遊蕩的鹿",
  "e746dfe24d9e45a198c624a5e2dc4127": "客棧",
  "3ff29d0bb3594622abddb00f33a67bc4": "這裡是一間可以休息住店的客棧。",
  "bcfd263e72d945c8afd9cfcad59237ba": [
    "這裡是客棧的大廳。一些落店的散客在廳裡低聲談說著。店裡的伙",
    "計忙進忙出的張羅著客人的吩咐。也許在這兒落店休息也不錯？你",
    "想著。"
  ]
}